Miasto;Powiat;Województwo;Area2019;Pop2019;PopDens2019
Aleksandrów Kujawski;aleksandrowski;kujawsko-pomorskie;723;12220;1690
Aleksandrów Łódzki;zgierski;łódzkie;1382;21682;1569
Alwernia;chrzanowski;małopolskie;888;3370;380
Andrychów;wadowicki;małopolskie;1033;20260;1961
Annopol;kraśnicki;lubelskie;773;2528;327
Augustów;augustowski;podlaskie;8090;30242;374
Babimost;zielonogórski;lubuskie;365;3927;1076
Baborów;głubczycki;opolskie;1186;2920;246
Baranów Sandomierski;tarnobrzeski;podkarpackie;915;1463;160
Barcin;żniński;kujawsko-pomorskie;370;7468;2018
Barczewo;olsztyński;warmińsko-mazurskie;458;7535;1645
Bardo;ząbkowicki;dolnośląskie;471;2563;544
Barlinek;myśliborski;zachodniopomorskie;1755;13803;786
Bartoszyce;bartoszycki;warmińsko-mazurskie;1179;23609;2002
Barwice;szczecinecki;zachodniopomorskie;752;3723;495
Bełchatów;bełchatowski;łódzkie;3464;57432;1658
Bełżyce;lubelski;lubelskie;2346;6551;279
Będzin;będziński;śląskie;3737;56804;1520
Biała;prudnicki;opolskie;1472;2443;166
Biała Piska;piski;warmińsko-mazurskie;324;4030;1244
Biała Podlaska;Biała Podlaska[a];lubelskie;4940;57352;1161
Biała Rawska;rawski;łódzkie;953;3197;335
Białobrzegi;białobrzeski;mazowieckie;751;6980;929
Białogard;białogardzki;zachodniopomorskie;2573;24339;946
Biały Bór;szczecinecki;zachodniopomorskie;1282;2199;172
Białystok;Białystok[a];podlaskie;10213;297459;2913
Biecz;gorlicki;małopolskie;1771;4599;260
Bielawa;dzierżoniowski;dolnośląskie;3621;30055;830
Bielsk Podlaski;bielski;podlaskie;2701;25370;939
Bielsko-Biała;Bielsko-Biała[a];śląskie;12451;171259;1375
Bieruń;bieruńsko-lędziński;śląskie;4049;19605;484
Bierutów;oleśnicki;dolnośląskie;836;4871;583
Bieżuń;żuromiński;mazowieckie;1207;1856;154
Biłgoraj;biłgorajski;lubelskie;2110;26391;1251
Biskupiec;olsztyński;warmińsko-mazurskie;500;10602;2120
Bisztynek;bartoszycki;warmińsko-mazurskie;216;2365;1095
Blachownia;częstochowski;śląskie;3666;9594;262
Błaszki;sieradzki;łódzkie;162;2122;1310
Błażowa;rzeszowski;podkarpackie;423;2151;509
Błonie;warszawski zachodni;mazowieckie;909;12327;1356
Bobolice;koszaliński;zachodniopomorskie;477;4018;842
Bobowa;gorlicki;małopolskie;718;3136;437
Bochnia;bocheński;małopolskie;2987;29922;1002
Bodzentyn;kielecki;świętokrzyskie;865;2240;259
Bogatynia;zgorzelecki;dolnośląskie;5988;17559;293
Boguchwała;rzeszowski;podkarpackie;911;6117;671
Boguszów-Gorce;wałbrzyski;dolnośląskie;2702;15444;572
Bojanowo;rawicki;wielkopolskie;234;2923;1249
Bolesławiec;bolesławiecki;dolnośląskie;2357;38935;1652
Bolków;jaworski;dolnośląskie;768;5001;651
Borek Wielkopolski;gostyński;wielkopolskie;629;2526;402
Borne Sulinowo;szczecinecki;zachodniopomorskie;1815;5090;280
Braniewo;braniewski;warmińsko-mazurskie;1241;17071;1376
Brańsk;bielski;podlaskie;3243;3774;116
Brodnica;brodnicki;kujawsko-pomorskie;2315;28774;1243
Brok;ostrowski;mazowieckie;2806;1940;69
Brusy;chojnicki;pomorskie;520;5232;1006
Brwinów;pruszkowski;mazowieckie;1010;13531;1340
Brzeg;brzeski;opolskie;1461;35930;2459
Brzeg Dolny;wołowski;dolnośląskie;1720;12492;726
Brzesko;brzeski;małopolskie;1192;16825;1411
Brzeszcze;oświęcimski;małopolskie;1904;11226;590
Brześć Kujawski;włocławski;kujawsko-pomorskie;704;4659;662
Brzeziny;brzeziński;łódzkie;2158;12547;581
Brzostek;dębicki;podkarpackie;876;2742;313
Brzozów;brzozowski;podkarpackie;1146;7455;651
Buk;poznański;wielkopolskie;296;6064;2049
Bukowno;olkuski;małopolskie;6459;10197;158
Busko-Zdrój;buski;świętokrzyskie;1228;15952;1299
Bychawa;lubelski;lubelskie;669;4942;739
Byczyna;kluczborski;opolskie;579;3609;623
Bydgoszcz;Bydgoszcz[a];kujawsko-pomorskie;17598;350178;1990
Bystrzyca Kłodzka;kłodzki;dolnośląskie;1074;10189;949
Bytom;Bytom[a];śląskie;6944;166795;2402
Bytom Odrzański;nowosolski;lubuskie;230;4331;1883
Bytów;bytowski;pomorskie;872;16954;1944
Cedynia;gryfiński;zachodniopomorskie;167;1573;942
Chełm;Chełm[a];lubelskie;3528;62670;1776
Chełmek;oświęcimski;małopolskie;827;9061;1096
Chełmno;chełmiński;kujawsko-pomorskie;1356;19720;1454
Chełmża;toruński;kujawsko-pomorskie;784;14532;1854
Chęciny;kielecki;świętokrzyskie;1413;4445;315
Chmielnik;kielecki;świętokrzyskie;780;3703;475
Chocianów;polkowicki;dolnośląskie;900;7911;879
Chociwel;stargardzki;zachodniopomorskie;367;3209;874
Chocz;pleszewski;wielkopolskie;688;1777;258
Chodecz;włocławski;kujawsko-pomorskie;139;1899;1366
Chodzież;chodzieski;wielkopolskie;1277;18684;1463
Chojna;gryfiński;zachodniopomorskie;1258;7390;587
Chojnice;chojnicki;pomorskie;2104;39904;1897
Chojnów;legnicki;dolnośląskie;532;13426;2524
Choroszcz;białostocki;podlaskie;1679;5867;349
Chorzele;przasnyski;mazowieckie;1751;3078;176
Chorzów;Chorzów[a];śląskie;3324;108434;3262
Choszczno;choszczeński;zachodniopomorskie;958;15248;1592
Chrzanów;chrzanowski;małopolskie;3832;36945;964
Ciechanowiec;wysokomazowiecki;podlaskie;1953;4639;238
Ciechanów;ciechanowski;mazowieckie;3278;44209;1349
Ciechocinek;aleksandrowski;kujawsko-pomorskie;1526;10596;694
Cieszanów;lubaczowski;podkarpackie;1506;1930;128
Cieszyn;cieszyński;śląskie;2861;34613;1210
Ciężkowice;tarnowski;małopolskie;999;2469;247
Cybinka;słubicki;lubuskie;529;2756;521
Czaplinek;drawski;zachodniopomorskie;1362;7124;523
Czarna Białostocka;białostocki;podlaskie;1428;9338;654
Czarna Woda;starogardzki;pomorskie;994;2805;282
Czarne;człuchowski;pomorskie;4643;5952;128
Czarnków;czarnkowsko-trzcianecki;wielkopolskie;1017;10735;1056
Czchów;brzeski;małopolskie;1409;2344;166
Czechowice-Dziedzice;bielski;śląskie;3291;35919;1091
Czeladź;będziński;śląskie;1638;31677;1934
Czempiń;kościański;wielkopolskie;332;5295;1595
Czerniejewo;gnieźnieński;wielkopolskie;1019;2663;261
Czersk;chojnicki;pomorskie;973;9912;1019
Czerwieńsk;zielonogórski;lubuskie;936;4063;434
Czerwińsk nad Wisłą;płoński;mazowieckie;548;1089;199
Czerwionka-Leszczyny;rybnicki;śląskie;3763;28266;751
Częstochowa;Częstochowa[a];śląskie;15971;222292;1392
Człopa;wałecki;zachodniopomorskie;627;2326;371
Człuchów;człuchowski;pomorskie;1278;13708;1073
Czyżew;wysokomazowiecki;podlaskie;523;2641;505
Ćmielów;ostrowiecki;świętokrzyskie;1334;3024;227
Daleszyce;kielecki;świętokrzyskie;1550;2907;188
Darłowo;sławieński;zachodniopomorskie;2021;13759;681
Dąbie;kolski;wielkopolskie;880;2002;228
Dąbrowa Białostocka;sokólski;podlaskie;2264;5553;245
Dąbrowa Górnicza;Dąbrowa Górnicza[a];śląskie;18873;120259;637
Dąbrowa Tarnowska;dąbrowski;małopolskie;2307;11906;516
Debrzno;człuchowski;pomorskie;751;5102;679
Dębica;dębicki;podkarpackie;3383;45817;1354
Dęblin;rycki;lubelskie;3833;16149;421
Dębno;myśliborski;zachodniopomorskie;1951;13843;710
Dobczyce;myślenicki;małopolskie;1297;6434;496
Dobiegniew;strzelecko-drezdenecki;lubuskie;569;3088;543
Dobra;łobeski;zachodniopomorskie;237;2326;981
Dobra;turecki;wielkopolskie;184;1387;754
Dobre Miasto;olsztyński;warmińsko-mazurskie;486;10239;2107
Dobrodzień;oleski;opolskie;1953;3722;191
Dobrzany;stargardzki;zachodniopomorskie;534;2264;424
Dobrzyca;pleszewski;wielkopolskie;1970;3128;159
Dobrzyń nad Wisłą;lipnowski;kujawsko-pomorskie;541;2139;395
Dolsk;śremski;wielkopolskie;620;1560;252
Drawno;choszczeński;zachodniopomorskie;503;2290;455
Drawsko Pomorskie;drawski;zachodniopomorskie;2233;11657;522
Drezdenko;strzelecko-drezdenecki;lubuskie;1072;10182;950
Drobin;płocki;mazowieckie;965;2889;299
Drohiczyn;siemiatycki;podlaskie;1569;1987;127
Drzewica;opoczyński;łódzkie;481;3844;799
Dukla;krośnieński;podkarpackie;548;2083;380
Duszniki-Zdrój;kłodzki;dolnośląskie;2228;4629;208
Dynów;rzeszowski;podkarpackie;2455;6138;250
Działdowo;działdowski;warmińsko-mazurskie;1147;21275;1855
Działoszyce;pińczowski;świętokrzyskie;192;908;473
Działoszyn;pajęczański;łódzkie;494;5922;1199
Dzierzgoń;sztumski;pomorskie;390;5367;1376
Dzierżoniów;dzierżoniowski;dolnośląskie;2007;33344;1661
Dziwnów;kamieński;zachodniopomorskie;652;2698;414
Elbląg;Elbląg[a];warmińsko-mazurskie;7982;120142;1505
Ełk;ełcki;warmińsko-mazurskie;2105;61928;2942
Frampol;biłgorajski;lubelskie;467;1437;308
Frombork;braniewski;warmińsko-mazurskie;759;2355;310
Garwolin;garwoliński;mazowieckie;2208;17494;792
Gąbin;płocki;mazowieckie;2795;4114;147
Gdańsk;Gdańsk[a];pomorskie;26196;466631;1781
Gdynia;Gdynia[a];pomorskie;13514;246309;1823
Giżycko;giżycki;warmińsko-mazurskie;1372;29396;2143
Glinojeck;ciechanowski;mazowieckie;737;3017;409
Gliwice;Gliwice[a];śląskie;13388;179806;1343
Głogów;głogowski;dolnośląskie;3511;67615;1926
Głogów Małopolski;rzeszowski;podkarpackie;1371;6568;479
Głogówek;prudnicki;opolskie;2206;5604;254
Głowno;zgierski;łódzkie;1984;14291;720
Głubczyce;głubczycki;opolskie;1254;12596;1004
Głuchołazy;nyski;opolskie;683;13585;1989
Głuszyca;wałbrzyski;dolnośląskie;1621;6381;394
Gniew;tczewski;pomorskie;604;6761;1119
Gniewkowo;inowrocławski;kujawsko-pomorskie;918;7141;778
Gniezno;gnieźnieński;wielkopolskie;4060;68479;1687
Gogolin;krapkowicki;opolskie;2035;6661;327
Golczewo;kamieński;zachodniopomorskie;742;2673;360
Goleniów;goleniowski;zachodniopomorskie;1178;22403;1902
Golina;koniński;wielkopolskie;352;4503;1279
Golub-Dobrzyń;golubsko-dobrzyński;kujawsko-pomorskie;750;12630;1684
Gołańcz;wągrowiecki;wielkopolskie;1264;3336;264
Gołdap;gołdapski;warmińsko-mazurskie;1720;13735;799
Goniądz;moniecki;podlaskie;428;1813;424
Gorlice;gorlicki;małopolskie;2353;27597;1173
Gorzów Śląski;oleski;opolskie;1854;2452;132
Gorzów Wielkopolski;Gorzów Wielkopolski[a];lubuskie;8572;123921;1446
Gostynin;gostyniński;mazowieckie;3240;18647;576
Gostyń;gostyński;wielkopolskie;1109;20192;1821
Gościno;kołobrzeski;zachodniopomorskie;570;2417;424
Gozdnica;żagański;lubuskie;2392;3061;128
Góra;górowski;dolnośląskie;1365;11859;869
Góra Kalwaria;piaseczyński;mazowieckie;1367;12009;878
Górowo Iławeckie;bartoszycki;warmińsko-mazurskie;332;3974;1197
Górzno;brodnicki;kujawsko-pomorskie;343;1370;399
Grabów nad Prosną;ostrzeszowski;wielkopolskie;258;1940;752
Grajewo;grajewski;podlaskie;1894;21935;1158
Grodków;brzeski;opolskie;988;8667;877
Grodzisk Mazowiecki;grodziski;mazowieckie;1319;31505;2389
Grodzisk Wielkopolski;grodziski;wielkopolskie;1821;14633;804
Grójec;grójecki;mazowieckie;857;16707;1949
Grudziądz;Grudziądz[a];kujawsko-pomorskie;5776;95045;1646
Grybów;nowosądecki;małopolskie;1695;6038;356
Gryfice;gryficki;zachodniopomorskie;1240;16527;1333
Gryfino;gryfiński;zachodniopomorskie;1181;21274;1801
Gryfów Śląski;lwówecki;dolnośląskie;663;6641;1002
Gubin;krośnieński;lubuskie;2068;16687;807
Hajnówka;hajnowski;podlaskie;2129;20690;972
Halinów;miński;mazowieckie;284;3739;1317
Hel;pucki;pomorskie;2295;3285;143
Hrubieszów;hrubieszowski;lubelskie;3303;17735;537
Iława;iławski;warmińsko-mazurskie;2188;33250;1520
Iłowa;żagański;lubuskie;918;3912;426
Iłża;radomski;mazowieckie;1583;4775;302
Imielin;bieruńsko-lędziński;śląskie;2799;9153;327
Inowrocław;inowrocławski;kujawsko-pomorskie;3042;73114;2403
Ińsko;stargardzki;zachodniopomorskie;748;1929;258
Iwonicz-Zdrój;krośnieński;podkarpackie;589;1793;304
Izbica Kujawska;włocławski;kujawsko-pomorskie;224;2631;1175
Jabłonowo Pomorskie;brodnicki;kujawsko-pomorskie;335;3758;1122
Janikowo;inowrocławski;kujawsko-pomorskie;951;8758;921
Janowiec Wielkopolski;żniński;kujawsko-pomorskie;304;3966;1305
Janów Lubelski;janowski;lubelskie;1480;11940;807
Jaraczewo;jarociński;wielkopolskie;1007;1420;141
Jarocin;jarociński;wielkopolskie;1638;26256;1603
Jarosław;jarosławski;podkarpackie;3461;37690;1089
Jasień;żarski;lubuskie;479;4328;904
Jasło;jasielski;podkarpackie;3652;35192;964
Jastarnia;pucki;pomorskie;506;2710;536
Jastrowie;złotowski;wielkopolskie;7230;8598;119
Jastrzębie-Zdrój;Jastrzębie-Zdrój[a];śląskie;8533;89128;1045
Jawor;jaworski;dolnośląskie;1880;23056;1226
Jaworzno;Jaworzno[a];śląskie;15259;91563;600
Jaworzyna Śląska;świdnicki;dolnośląskie;434;5141;1185
Jedlicze;krośnieński;podkarpackie;1060;5759;543
Jedlina-Zdrój;wałbrzyski;dolnośląskie;1745;4851;278
Jedwabne;łomżyński;podlaskie;454;1632;359
Jelcz-Laskowice;oławski;dolnośląskie;1706;15792;926
Jelenia Góra;Jelenia Góra[a];dolnośląskie;10922;79480;728
Jeziorany;olsztyński;warmińsko-mazurskie;341;3225;946
Jędrzejów;jędrzejowski;świętokrzyskie;1137;15149;1332
Jordanów;suski;małopolskie;2103;5373;255
Józefów;biłgorajski;lubelskie;500;2492;498
Józefów;otwocki;mazowieckie;2391;20605;862
Józefów nad Wisłą;opolski;lubelskie;365;923;253
Jutrosin;rawicki;wielkopolskie;162;1967;1214
Kalety;tarnogórski;śląskie;7629;8626;113
Kalisz;Kalisz[a];wielkopolskie;6942;100975;1455
Kalisz Pomorski;drawski;zachodniopomorskie;1196;4377;366
Kalwaria Zebrzydowska;wadowicki;małopolskie;550;4515;821
Kałuszyn;miński;mazowieckie;1230;2890;235
Kamienna Góra;kamiennogórski;dolnośląskie;1804;19136;1061
Kamień Krajeński;sępoleński;kujawsko-pomorskie;365;2386;654
Kamień Pomorski;kamieński;zachodniopomorskie;1074;8846;824
Kamieńsk;radomszczański;łódzkie;1199;2782;232
Kańczuga;przeworski;podkarpackie;760;3171;417
Karczew;otwocki;mazowieckie;2812;9891;352
Kargowa;zielonogórski;lubuskie;455;3754;825
Karlino;białogardzki;zachodniopomorskie;940;5919;630
Karpacz;jeleniogórski;dolnośląskie;3799;4633;122
Kartuzy;kartuski;pomorskie;735;14557;1981
Katowice;Katowice[a];śląskie;16464;294510;1789
Kazimierz Dolny;puławski;lubelskie;3044;2579;85
Kazimierza Wielka;kazimierski;świętokrzyskie;533;5579;1047
Kąty Wrocławskie;wrocławski;dolnośląskie;861;6948;807
Kcynia;nakielski;kujawsko-pomorskie;684;4670;683
Kędzierzyn-Koźle;kędzierzyńsko-kozielski;opolskie;12371;61062;494
Kępice;słupski;pomorskie;611;3606;590
Kępno;kępiński;wielkopolskie;779;14123;1813
Kętrzyn;kętrzyński;warmińsko-mazurskie;1035;27366;2644
Kęty;oświęcimski;małopolskie;2305;18744;813
Kielce;Kielce[a];świętokrzyskie;10965;195774;1785
Kietrz;głubczycki;opolskie;1874;6034;322
Kisielice;iławski;warmińsko-mazurskie;337;2103;624
Kleczew;koniński;wielkopolskie;780;4186;537
Kleszczele;hajnowski;podlaskie;4671;1271;27
Klimontów;sandomierski;świętokrzyskie;467;2019;432
Kluczbork;kluczborski;opolskie;1235;23661;1916
Kłecko;gnieźnieński;wielkopolskie;962;2637;274
Kłobuck;kłobucki;śląskie;4746;12957;273
Kłodawa;kolski;wielkopolskie;431;6481;1504
Kłodzko;kłodzki;dolnośląskie;2484;26954;1085
Knurów;gliwicki;śląskie;3395;38402;1131
Knyszyn;moniecki;podlaskie;2368;2755;116
Kobylin;krotoszyński;wielkopolskie;487;3245;666
Kobyłka;wołomiński;mazowieckie;1964;23706;1207
Kock;lubartowski;lubelskie;1678;3315;198
Kolbuszowa;kolbuszowski;podkarpackie;798;9133;1144
Kolno;kolneński;podlaskie;2507;10261;409
Kolonowskie;strzelecki;opolskie;5570;3328;60
Koluszki;łódzki wschodni;łódzkie;990;13026;1316
Kołaczyce;jasielski;podkarpackie;715;1403;196
Koło;kolski;wielkopolskie;1385;21994;1588
Kołobrzeg;kołobrzeski;zachodniopomorskie;2567;46367;1806
Koniecpol;częstochowski;śląskie;3692;5950;161
Konin;Konin[a];wielkopolskie;8231;74151;901
Konstancin-Jeziorna;piaseczyński;mazowieckie;1774;17086;963
Konstantynów Łódzki;pabianicki;łódzkie;2725;18096;664
Końskie;konecki;świętokrzyskie;1770;19330;1092
Koprzywnica;sandomierski;świętokrzyskie;1790;2488;139
Korfantów;nyski;opolskie;1023;1817;178
Koronowo;bydgoski;kujawsko-pomorskie;2815;11182;397
Korsze;kętrzyński;warmińsko-mazurskie;403;4259;1057
Kosów Lacki;sokołowski;mazowieckie;1157;2088;180
Kostrzyn;poznański;wielkopolskie;798;9677;1213
Kostrzyn nad Odrą;gorzowski;lubuskie;4614;17776;385
Koszalin;Koszalin[a];zachodniopomorskie;9834;107321;1091
Koszyce;proszowicki;małopolskie;325;782;241
Kościan;kościański;wielkopolskie;901;23923;2655
Kościerzyna;kościerski;pomorskie;1586;23759;1498
Kowal;włocławski;kujawsko-pomorskie;468;3499;748
Kowalewo Pomorskie;golubsko-dobrzyński;kujawsko-pomorskie;445;4143;931
Kowary;jeleniogórski;dolnośląskie;3739;10957;293
Koziegłowy;myszkowski;śląskie;2671;2463;92
Kozienice;kozienicki;mazowieckie;1045;17331;1658
Koźmin Wielkopolski;krotoszyński;wielkopolskie;589;6536;1110
Kożuchów;nowosolski;lubuskie;594;9490;1598
Kórnik;poznański;wielkopolskie;599;7847;1310
Krajenka;złotowski;wielkopolskie;376;3638;968
Kraków;Kraków[a];małopolskie;32685;771069;2359
Krapkowice;krapkowicki;opolskie;2101;16381;780
Krasnobród;zamojski;lubelskie;699;3094;443
Krasnystaw;krasnostawski;lubelskie;4213;18778;446
Kraśnik;kraśnicki;lubelskie;2610;34539;1323
Krobia;gostyński;wielkopolskie;705;4313;612
Krosno;Krosno[a];podkarpackie;4350;46511;1069
Krosno Odrzańskie;krośnieński;lubuskie;815;11378;1396
Krośniewice;kutnowski;łódzkie;418;4375;1047
Krotoszyn;krotoszyński;wielkopolskie;2254;28969;1285
Kruszwica;inowrocławski;kujawsko-pomorskie;664;8818;1328
Krynica Morska;nowodworski;pomorskie;11856;1303;11
Krynica-Zdrój;nowosądecki;małopolskie;3968;10686;269
Krynki;sokólski;podlaskie;383;2415;631
Krzanowice;raciborski;śląskie;308;2158;701
Krzepice;kłobucki;śląskie;2766;4462;161
Krzeszowice;krakowski;małopolskie;1697;10051;592
Krzywiń;kościański;wielkopolskie;227;1714;755
Krzyż Wielkopolski;czarnkowsko-trzcianecki;wielkopolskie;581;6216;1070
Książ Wielkopolski;śremski;wielkopolskie;196;2726;1391
Kudowa-Zdrój;kłodzki;dolnośląskie;3390;9954;294
Kunów;ostrowiecki;świętokrzyskie;726;2979;410
Kutno;kutnowski;łódzkie;3359;44172;1315
Kuźnia Raciborska;raciborski;śląskie;3149;5386;171
Kwidzyn;kwidzyński;pomorskie;2154;38481;1786
Lądek-Zdrój;kłodzki;dolnośląskie;2032;5622;277
Legionowo;legionowski;mazowieckie;1354;54066;3993
Legnica;Legnica[a];dolnośląskie;5629;99752;1772
Lesko;leski;podkarpackie;1533;5431;354
Leszno;Leszno[a];wielkopolskie;3186;63952;2007
Leśna;lubański;dolnośląskie;856;4484;524
Leśnica;strzelecki;opolskie;1450;2585;178
Lewin Brzeski;brzeski;opolskie;1164;5743;493
Leżajsk;leżajski;podkarpackie;2058;13891;675
Lębork;lęborski;pomorskie;1786;35367;1980
Lędziny;bieruńsko-lędziński;śląskie;3165;16822;532
Libiąż;chrzanowski;małopolskie;3585;17084;477
Lidzbark;działdowski;warmińsko-mazurskie;568;7817;1376
Lidzbark Warmiński;lidzbarski;warmińsko-mazurskie;1435;15820;1102
Limanowa;limanowski;małopolskie;1870;15158;811
Lipiany;pyrzycki;zachodniopomorskie;554;3946;712
Lipno;lipnowski;kujawsko-pomorskie;1099;14478;1317
Lipsk;augustowski;podlaskie;498;2350;472
Lipsko;lipski;mazowieckie;1570;5544;353
Lubaczów;lubaczowski;podkarpackie;2573;12078;469
Lubań;lubański;dolnośląskie;1612;21168;1313
Lubartów;lubartowski;lubelskie;1391;21995;1581
Lubawa;iławski;warmińsko-mazurskie;1684;10381;616
Lubawka;kamiennogórski;dolnośląskie;2244;6063;270
Lubień Kujawski;włocławski;kujawsko-pomorskie;231;1397;605
Lubin;lubiński;dolnośląskie;4077;72581;1780
Lublin;Lublin[a];lubelskie;14747;339682;2303
Lubliniec;lubliniecki;śląskie;8936;23818;267
Lubniewice;sulęciński;lubuskie;1211;2042;169
Lubomierz;lwówecki;dolnośląskie;805;1990;247
Luboń;poznański;wielkopolskie;1351;31783;2353
Lubowidz;żuromiński;mazowieckie;527;1697;322
Lubraniec;włocławski;kujawsko-pomorskie;197;3028;1537
Lubsko;żarski;lubuskie;1251;14000;1119
Lubycza Królewska;tomaszowski;lubelskie;392;2443;623
Lututów;wieruszowski;łódzkie;1895;2249;119
Lwówek;nowotomyski;wielkopolskie;316;2977;942
Lwówek Śląski;lwówecki;dolnośląskie;1665;8870;533
Łabiszyn;żniński;kujawsko-pomorskie;289;4501;1557
Łagów;kielecki;świętokrzyskie;822;1587;193
Łańcut;łańcucki;podkarpackie;1942;17738;913
Łapy;białostocki;podlaskie;1214;15643;1289
Łasin;grudziądzki;kujawsko-pomorskie;479;3298;689
Łask;łaski;łódzkie;1567;17344;1107
Łaskarzew;garwoliński;mazowieckie;1535;4860;317
Łaszczów;tomaszowski;lubelskie;501;2154;430
Łaziska Górne;mikołowski;śląskie;2007;22334;1113
Łazy;zawierciański;śląskie;860;6845;796
Łeba;lęborski;pomorskie;1656;3675;222
Łęczna;łęczyński;lubelskie;1900;19006;1000
Łęczyca;łęczycki;łódzkie;895;14094;1575
Łęknica;żarski;lubuskie;1643;2483;151
Łobez;łobeski;zachodniopomorskie;1284;10241;798
Łobżenica;pilski;wielkopolskie;325;2972;914
Łochów;węgrowski;mazowieckie;1339;6821;509
Łomianki;warszawski zachodni;mazowieckie;840;16977;2021
Łomża;Łomża[a];podlaskie;3267;63000;1928
Łosice;łosicki;mazowieckie;2374;7071;298
Łowicz;łowicki;łódzkie;2342;28501;1217
Łódź;Łódź[a];łódzkie;29325;685285;2337
Łuków;łukowski;lubelskie;3575;30025;840
Maków Mazowiecki;makowski;mazowieckie;1028;9787;952
Maków Podhalański;suski;małopolskie;2012;5853;291
Malbork;malborski;pomorskie;1716;38570;2248
Małogoszcz;jędrzejowski;świętokrzyskie;968;3769;389
Małomice;żagański;lubuskie;537;3489;650
Margonin;chodzieski;wielkopolskie;515;3019;586
Marki;wołomiński;mazowieckie;2615;33914;1297
Maszewo;goleniowski;zachodniopomorskie;554;3363;607
Miasteczko Śląskie;tarnogórski;śląskie;6783;7449;110
Miastko;bytowski;pomorskie;568;10473;1844
Michałowo;białostocki;podlaskie;215;3047;1417
Miechów;miechowski;małopolskie;1549;11652;752
Miejska Górka;rawicki;wielkopolskie;314;3244;1033
Mielec;mielecki;podkarpackie;4689;60478;1290
Mielno;koszaliński;zachodniopomorskie;3345;2952;88
Mieroszów;wałbrzyski;dolnośląskie;1031;4106;398
Mieszkowice;gryfiński;zachodniopomorskie;525;3645;694
Międzybórz;oleśnicki;dolnośląskie;641;2352;367
Międzychód;międzychodzki;wielkopolskie;698;10623;1522
Międzylesie;kłodzki;dolnośląskie;1437;2591;180
Międzyrzec Podlaski;bialski;lubelskie;2003;16796;839
Międzyrzecz;międzyrzecki;lubuskie;1026;18099;1764
Międzyzdroje;kamieński;zachodniopomorskie;516;5399;1046
Mikołajki;mrągowski;warmińsko-mazurskie;932;3838;412
Mikołów;mikołowski;śląskie;7921;40813;515
Mikstat;ostrzeszowski;wielkopolskie;252;1855;736
Milanówek;grodziski;mazowieckie;1344;16306;1213
Milicz;milicki;dolnośląskie;1350;11357;841
Miłakowo;ostródzki;warmińsko-mazurskie;876;2560;292
Miłomłyn;ostródzki;warmińsko-mazurskie;1238;2442;197
Miłosław;wrzesiński;wielkopolskie;407;3572;878
Mińsk Mazowiecki;miński;mazowieckie;1318;40799;3096
Mirosławiec;wałecki;zachodniopomorskie;241;3089;1282
Mirsk;lwówecki;dolnośląskie;1466;3902;266
Mława;mławski;mazowieckie;3480;31234;898
Młynary;elbląski;warmińsko-mazurskie;276;1780;645
Modliborzyce;janowski;lubelskie;789;1460;185
Mogielnica;grójecki;mazowieckie;1298;2260;174
Mogilno;mogileński;kujawsko-pomorskie;832;11880;1428
Mońki;moniecki;podlaskie;766;10010;1307
Morawica;kielecki;świętokrzyskie;438;1695;387
Morąg;ostródzki;warmińsko-mazurskie;611;13838;2265
Mordy;siedlecki;mazowieckie;454;1793;395
Moryń;gryfiński;zachodniopomorskie;554;1626;294
Mosina;poznański;wielkopolskie;1350;14015;1038
Mrągowo;mrągowski;warmińsko-mazurskie;1481;21708;1466
Mrocza;nakielski;kujawsko-pomorskie;501;4366;871
Mrozy;miński;mazowieckie;773;3552;460
Mszana Dolna;limanowski;małopolskie;2710;7948;293
Mszczonów;żyrardowski;mazowieckie;856;6386;746
Murowana Goślina;poznański;wielkopolskie;862;10396;1206
Muszyna;nowosądecki;małopolskie;2443;4831;198
Mysłowice;Mysłowice[a];śląskie;6562;74586;1137
Myszków;myszkowski;śląskie;7359;31762;432
Myszyniec;ostrołęcki;mazowieckie;1122;3426;305
Myślenice;myślenicki;małopolskie;3022;18386;608
Myślibórz;myśliborski;zachodniopomorskie;1504;11235;747
Nakło nad Notecią;nakielski;kujawsko-pomorskie;1082;18353;1696
Nałęczów;puławski;lubelskie;1382;3768;273
Namysłów;namysłowski;opolskie;2261;16490;729
Narol;lubaczowski;podkarpackie;1242;2076;167
Nasielsk;nowodworski;mazowieckie;1257;7707;613
Nekla;wrzesiński;wielkopolskie;1979;3754;190
Nidzica;nidzicki;warmińsko-mazurskie;686;13820;2015
Niemcza;dzierżoniowski;dolnośląskie;1981;2974;150
Niemodlin;opolski;opolskie;1311;6359;485
Niepołomice;wielicki;małopolskie;2740;13001;474
Nieszawa;aleksandrowski;kujawsko-pomorskie;979;1886;193
Nisko;niżański;podkarpackie;6096;15359;252
Nowa Dęba;tarnobrzeski;podkarpackie;1670;11181;670
Nowa Ruda;kłodzki;dolnośląskie;3705;22246;600
Nowa Sarzyna;leżajski;podkarpackie;915;5880;643
Nowa Słupia;kielecki;świętokrzyskie;1397;1361;97
Nowa Sól;nowosolski;lubuskie;2180;38843;1782
Nowe;świecki;kujawsko-pomorskie;357;5864;1643
Nowe Brzesko;proszowicki;małopolskie;726;1683;232
Nowe Miasteczko;nowosolski;lubuskie;329;2770;842
Nowe Miasto Lubawskie;nowomiejski;warmińsko-mazurskie;1137;10925;961
Nowe Miasto nad Pilicą;grójecki;mazowieckie;1125;3789;337
Nowe Skalmierzyce;ostrowski;wielkopolskie;158;4770;3019
Nowe Warpno;policki;zachodniopomorskie;2451;1192;49
Nowogard;goleniowski;zachodniopomorskie;1257;16671;1326
Nowogrodziec;bolesławiecki;dolnośląskie;1610;4235;263
Nowogród;łomżyński;podlaskie;2055;2156;105
Nowogród Bobrzański;zielonogórski;lubuskie;1463;5188;355
Nowy Dwór Gdański;nowodworski;pomorskie;507;9917;1956
Nowy Dwór Mazowiecki;nowodworski;mazowieckie;2821;28647;1015
Nowy Korczyn;buski;świętokrzyskie;752;955;127
Nowy Sącz;Nowy Sącz[a];małopolskie;5758;83896;1457
Nowy Staw;malborski;pomorskie;467;4283;917
Nowy Targ;nowotarski;małopolskie;5107;33373;653
Nowy Tomyśl;nowotomyski;wielkopolskie;520;14603;2808
Nowy Wiśnicz;bocheński;małopolskie;497;2745;552
Nysa;nyski;opolskie;2751;44044;1601
Oborniki;obornicki;wielkopolskie;1408;18179;1291
Oborniki Śląskie;trzebnicki;dolnośląskie;1446;9109;630
Obrzycko;szamotulski;wielkopolskie;374;2385;638
Odolanów;ostrowski;wielkopolskie;476;5130;1078
Ogrodzieniec;zawierciański;śląskie;2856;4296;150
Okonek;złotowski;wielkopolskie;601;3900;649
Olecko;olecki;warmińsko-mazurskie;1154;16477;1428
Olesno;oleski;opolskie;1508;9406;624
Oleszyce;lubaczowski;podkarpackie;508;2993;589
Oleśnica;oleśnicki;dolnośląskie;2096;37242;1777
Oleśnica;staszowski;świętokrzyskie;1004;1848;184
Olkusz;olkuski;małopolskie;2565;35608;1388
Olsztyn;Olsztyn[a];warmińsko-mazurskie;8833;172362;1951
Olsztynek;olsztyński;warmińsko-mazurskie;769;7581;986
Olszyna;lubański;dolnośląskie;2026;4359;215
Oława;oławski;dolnośląskie;2736;32927;1203
Opalenica;nowotomyski;wielkopolskie;642;9596;1495
Opatowiec;kazimierski;świętokrzyskie;547;329;60
Opatów;opatowski;świętokrzyskie;936;6496;694
Opatówek;kaliski;wielkopolskie;868;3677;424
Opoczno;opoczyński;łódzkie;2699;21327;790
Opole;Opole[a];opolskie;14888;128137;861
Opole Lubelskie;opolski;lubelskie;1512;8470;560
Orneta;lidzbarski;warmińsko-mazurskie;963;8817;916
Orzesze;mikołowski;śląskie;8375;20927;250
Orzysz;piski;warmińsko-mazurskie;817;5579;683
Osieczna;leszczyński;wielkopolskie;476;2347;493
Osiek;staszowski;świętokrzyskie;1743;2015;116
Ostrołęka;Ostrołęka[a];mazowieckie;3346;52262;1562
Ostroróg;szamotulski;wielkopolskie;125;1920;1536
Ostrowiec Świętokrzyski;ostrowiecki;świętokrzyskie;4643;69051;1487
Ostróda;ostródzki;warmińsko-mazurskie;1415;32996;2332
Ostrów Lubelski;lubartowski;lubelskie;2977;2092;70
Ostrów Mazowiecka;ostrowski;mazowieckie;2227;22545;1012
Ostrów Wielkopolski;ostrowski;wielkopolskie;4190;72050;1720
Ostrzeszów;ostrzeszowski;wielkopolskie;1213;14176;1169
Ośno Lubuskie;słubicki;lubuskie;801;3949;493
Oświęcim;oświęcimski;małopolskie;3000;38300;1277
Otmuchów;nyski;opolskie;4954;6615;134
Otwock;otwocki;mazowieckie;4731;44880;949
Otyń;nowosolski;lubuskie;786;1601;204
Ozimek;opolski;opolskie;325;8725;2685
Ozorków;zgierski;łódzkie;1546;19456;1258
Ożarów;opatowski;świętokrzyskie;779;4599;590
Ożarów Mazowiecki;warszawski zachodni;mazowieckie;813;11576;1424
Pabianice;pabianicki;łódzkie;3299;65283;1979
Pacanów;buski;świętokrzyskie;713;1117;157
Paczków;nyski;opolskie;660;7530;1141
Pajęczno;pajęczański;łódzkie;2023;6781;335
Pakość;inowrocławski;kujawsko-pomorskie;346;5723;1654
Parczew;parczewski;lubelskie;805;10650;1323
Pasłęk;elbląski;warmińsko-mazurskie;1063;12211;1149
Pasym;szczycieński;warmińsko-mazurskie;1518;2517;166
Pelplin;tczewski;pomorskie;442;7818;1769
Pełczyce;choszczeński;zachodniopomorskie;1307;2589;198
Piaseczno;piaseczyński;mazowieckie;1622;48119;2967
Piaski;świdnicki;lubelskie;844;2556;303
Piastów;pruszkowski;mazowieckie;576;22657;3934
Piątek;łęczycki;łódzkie;524;1740;332
Piechowice;jeleniogórski;dolnośląskie;4322;6222;144
Piekary Śląskie;Piekary Śląskie[a];śląskie;3998;55299;1383
Pieniężno;braniewski;warmińsko-mazurskie;381;2746;721
Pieńsk;zgorzelecki;dolnośląskie;992;5848;590
Pierzchnica;kielecki;świętokrzyskie;693;1152;166
Pieszyce;dzierżoniowski;dolnośląskie;1772;7136;403
Pilawa;garwoliński;mazowieckie;666;4589;689
Pilica;zawierciański;śląskie;822;1947;237
Pilzno;dębicki;podkarpackie;1604;4903;306
Piła;pilski;wielkopolskie;10268;73398;715
Piława Górna;dzierżoniowski;dolnośląskie;2093;6457;309
Pińczów;pińczowski;świętokrzyskie;1433;10844;757
Pionki;radomski;mazowieckie;1840;18427;1001
Piotrków Kujawski;radziejowski;kujawsko-pomorskie;976;4468;458
Piotrków Trybunalski;Piotrków Trybunalski[a];łódzkie;6724;73670;1096
Pisz;piski;warmińsko-mazurskie;1008;19318;1916
Piwniczna-Zdrój;nowosądecki;małopolskie;3830;5882;154
Pleszew;pleszewski;wielkopolskie;1338;17356;1297
Płock;Płock[a];mazowieckie;8804;120000;1363
Płońsk;płoński;mazowieckie;1160;22163;1911
Płoty;gryficki;zachodniopomorskie;412;3983;967
Pniewy;szamotulski;wielkopolskie;932;8060;865
Pobiedziska;poznański;wielkopolskie;1024;9181;897
Poddębice;poddębicki;łódzkie;587;7448;1269
Podkowa Leśna;grodziski;mazowieckie;1013;3854;380
Pogorzela;gostyński;wielkopolskie;436;2100;482
Polanica-Zdrój;kłodzki;dolnośląskie;1722;6357;369
Polanów;koszaliński;zachodniopomorskie;737;2918;396
Police;policki;zachodniopomorskie;3731;32685;876
Polkowice;polkowicki;dolnośląskie;2374;22487;947
Połaniec;staszowski;świętokrzyskie;1741;8120;466
Połczyn-Zdrój;świdwiński;zachodniopomorskie;721;8109;1125
Poniatowa;opolski;lubelskie;1526;9195;603
Poniec;gostyński;wielkopolskie;348;2851;819
Poręba;zawierciański;śląskie;3999;8568;214
Poznań;Poznań[a];wielkopolskie;26191;536438;2048
Prabuty;kwidzyński;pomorskie;729;8696;1193
Praszka;oleski;opolskie;935;7704;824
Prochowice;legnicki;dolnośląskie;985;3620;368
Proszowice;proszowicki;małopolskie;733;6012;820
Prószków;opolski;opolskie;1622;2591;160
Pruchnik;jarosławski;podkarpackie;1990;3774;190
Prudnik;prudnicki;opolskie;2050;21138;1031
Prusice;trzebnicki;dolnośląskie;1094;2232;204
Pruszcz Gdański;gdański;pomorskie;1647;30878;1875
Pruszków;pruszkowski;mazowieckie;1919;61784;3220
Przasnysz;przasnyski;mazowieckie;2516;17309;688
Przecław;mielecki;podkarpackie;1604;1768;110
Przedbórz;radomszczański;łódzkie;608;3572;588
Przedecz;kolski;wielkopolskie;298;1670;560
Przemków;polkowicki;dolnośląskie;617;6149;997
Przemyśl;Przemyśl[a];podkarpackie;4617;61251;1327
Przeworsk;przeworski;podkarpackie;2213;15376;695
Przysucha;przysuski;mazowieckie;702;5854;834
Pszczyna;pszczyński;śląskie;2249;25829;1148
Pszów;wodzisławski;śląskie;2044;13994;685
Puck;pucki;pomorskie;479;11241;2347
Puławy;puławski;lubelskie;5049;47774;946
Pułtusk;pułtuski;mazowieckie;2307;19431;842
Puszczykowo;poznański;wielkopolskie;1639;9698;592
Pyrzyce;pyrzycki;zachodniopomorskie;3879;12617;325
Pyskowice;gliwicki;śląskie;3089;18456;597
Pyzdry;wrzesiński;wielkopolskie;1216;3145;259
Rabka-Zdrój;nowotarski;małopolskie;3631;12780;352
Raciąż;płoński;mazowieckie;840;4420;526
Racibórz;raciborski;śląskie;7501;54882;732
Radków;kłodzki;dolnośląskie;1503;2418;161
Radlin;wodzisławski;śląskie;1253;17806;1421
Radłów;tarnowski;małopolskie;1683;2767;164
Radom;Radom[a];mazowieckie;11180;213029;1905
Radomsko;radomszczański;łódzkie;5143;46087;896
Radomyśl Wielki;mielecki;podkarpackie;879;3196;364
Radoszyce;konecki;świętokrzyskie;1717;3167;184
Radymno;jarosławski;podkarpackie;1362;5314;390
Radziejów;radziejowski;kujawsko-pomorskie;569;5602;985
Radzionków;tarnogórski;śląskie;1320;16818;1274
Radzymin;wołomiński;mazowieckie;2339;12876;550
Radzyń Chełmiński;grudziądzki;kujawsko-pomorskie;178;1864;1047
Radzyń Podlaski;radzyński;lubelskie;1931;15731;815
Rajgród;grajewski;podlaskie;3528;1585;45
Rakoniewice;grodziski;wielkopolskie;337;3599;1068
Raszków;ostrowski;wielkopolskie;205;2099;1024
Rawa Mazowiecka;rawski;łódzkie;1430;17408;1217
Rawicz;rawicki;wielkopolskie;774;20337;2628
Recz;choszczeński;zachodniopomorskie;1240;2914;235
Reda;wejherowski;pomorskie;3346;25810;771
Rejowiec;chełmski;lubelskie;650;2070;318
Rejowiec Fabryczny;chełmski;lubelskie;1428;4417;309
Resko;łobeski;zachodniopomorskie;449;4231;942
Reszel;kętrzyński;warmińsko-mazurskie;382;4571;1197
Rogoźno;obornicki;wielkopolskie;1124;11148;992
Ropczyce;ropczycko-sędziszowski;podkarpackie;4710;15856;337
Różan;makowski;mazowieckie;666;2727;409
Ruciane-Nida;piski;warmińsko-mazurskie;1707;4474;262
Ruda Śląska;Ruda Śląska[a];śląskie;7773;138000;1775
Rudnik nad Sanem;niżański;podkarpackie;3660;6726;184
Rumia;wejherowski;pomorskie;3010;49031;1629
Rybnik;Rybnik[a];śląskie;14836;138696;935
Rychwał;koniński;wielkopolskie;970;2391;246
Rydułtowy;wodzisławski;śląskie;1495;21637;1447
Rydzyna;leszczyński;wielkopolskie;220;2867;1303
Ryglice;tarnowski;małopolskie;2515;2831;113
Ryki;rycki;lubelskie;2722;9667;355
Rymanów;krośnieński;podkarpackie;1239;3819;308
Ryn;giżycki;warmińsko-mazurskie;414;2851;689
Rypin;rypiński;kujawsko-pomorskie;1096;16354;1492
Rzepin;słubicki;lubuskie;1142;6564;575
Rzeszów;Rzeszów[a];podkarpackie;12661;193883;1531
Rzgów;łódzki wschodni;łódzkie;1677;3401;203
Sandomierz;sandomierski;świętokrzyskie;2869;23644;824
Sanniki;gostyniński;mazowieckie;1176;1983;169
Sanok;sanocki;podkarpackie;3808;37577;987
Sejny;sejneński;podlaskie;449;5344;1190
Serock;legionowski;mazowieckie;1343;4416;329
Sędziszów;jędrzejowski;świętokrzyskie;792;6484;819
Sędziszów Małopolski;ropczycko-sędziszowski;podkarpackie;3699;12276;332
Sępopol;bartoszycki;warmińsko-mazurskie;463;1964;424
Sępólno Krajeńskie;sępoleński;kujawsko-pomorskie;655;9118;1392
Sianów;koszaliński;zachodniopomorskie;1588;6664;420
Siechnice;wrocławski;dolnośląskie;1563;7892;505
Siedlce;Siedlce[a];mazowieckie;3186;77872;2444
Siedliszcze;chełmski;lubelskie;1316;1412;107
Siemianowice Śląskie;Siemianowice Śląskie[a];śląskie;2550;67154;2633
Siemiatycze;siemiatycki;podlaskie;3625;14505;400
Sieniawa;przeworski;podkarpackie;674;2140;318
Sieradz;sieradzki;łódzkie;5122;42267;825
Sieraków;międzychodzki;wielkopolskie;1408;6056;430
Sierpc;sierpecki;mazowieckie;1859;18014;969
Siewierz;będziński;śląskie;3866;5592;145
Skalbmierz;kazimierski;świętokrzyskie;713;1289;181
Skała;krakowski;małopolskie;297;3803;1280
Skarszewy;starogardzki;pomorskie;1079;7023;651
Skaryszew;radomski;mazowieckie;2749;4376;159
Skarżysko-Kamienna;skarżyski;świętokrzyskie;6439;45358;704
Skawina;krakowski;małopolskie;2050;24362;1188
Skępe;lipnowski;kujawsko-pomorskie;748;3603;482
Skierniewice;Skierniewice[a];łódzkie;3460;48178;1392
Skoczów;cieszyński;śląskie;985;14469;1469
Skoki;wągrowiecki;wielkopolskie;1120;4346;388
Skórcz;starogardzki;pomorskie;363;3611;995
Skwierzyna;międzyrzecki;lubuskie;3589;9698;270
Sława;wschowski;lubuskie;1490;4316;290
Sławków;będziński;śląskie;3667;7043;192
Sławno;sławieński;zachodniopomorskie;1583;12528;791
Słomniki;krakowski;małopolskie;343;4348;1268
Słubice;słubicki;lubuskie;1921;16773;873
Słupca;słupecki;wielkopolskie;1030;13773;1337
Słupsk;Słupsk[a];pomorskie;4315;91007;2109
Sobótka;wrocławski;dolnośląskie;3220;6957;216
Sochaczew;sochaczewski;mazowieckie;2619;36462;1392
Sokołów Małopolski;rzeszowski;podkarpackie;1554;4165;268
Sokołów Podlaski;sokołowski;mazowieckie;1751;18939;1082
Sokółka;sokólski;podlaskie;1859;18210;980
Solec Kujawski;bydgoski;kujawsko-pomorskie;1868;15641;837
Sompolno;koniński;wielkopolskie;621;3552;572
Sopot;Sopot[a];pomorskie;1728;36046;2086
Sosnowiec;Sosnowiec[a];śląskie;9106;202036;2219
Sośnicowice;gliwicki;śląskie;1167;1906;163
Stalowa Wola;stalowowolski;podkarpackie;8252;61182;741
Starachowice;starachowicki;świętokrzyskie;3182;48965;1539
Stargard;stargardzki;zachodniopomorskie;4808;67938;1413
Starogard Gdański;starogardzki;pomorskie;2528;47776;1890
Stary Sącz;nowosądecki;małopolskie;1500;9048;603
Staszów;staszowski;świętokrzyskie;2688;14810;551
Stawiski;kolneński;podlaskie;1324;2195;166
Stawiszyn;kaliski;wielkopolskie;99;1526;1541
Stąporków;konecki;świętokrzyskie;1094;5679;519
Stepnica;goleniowski;zachodniopomorskie;340;2471;727
Stęszew;poznański;wielkopolskie;569;5931;1042
Stoczek Łukowski;łukowski;lubelskie;915;2536;277
Stopnica;buski;świętokrzyskie;455;1425;313
Stronie Śląskie;kłodzki;dolnośląskie;238;5741;2412
Strumień;cieszyński;śląskie;629;3680;585
Stryków;zgierski;łódzkie;815;3494;429
Strzegom;świdnicki;dolnośląskie;2049;16153;788
Strzelce Krajeńskie;strzelecko-drezdenecki;lubuskie;554;9969;1799
Strzelce Opolskie;strzelecki;opolskie;2997;17982;600
Strzelin;strzeliński;dolnośląskie;1034;12435;1203
Strzelno;mogileński;kujawsko-pomorskie;446;5663;1270
Strzyżów;strzyżowski;podkarpackie;1389;8902;641
Sucha Beskidzka;suski;małopolskie;2765;9165;331
Suchań;stargardzki;zachodniopomorskie;357;1477;414
Suchedniów;skarżyski;świętokrzyskie;5940;8379;141
Suchowola;sokólski;podlaskie;2595;2180;84
Sulechów;zielonogórski;lubuskie;688;16925;2460
Sulejów;piotrkowski;łódzkie;2626;6204;236
Sulejówek;miński;mazowieckie;1931;19714;1021
Sulęcin;sulęciński;lubuskie;856;10157;1187
Sulmierzyce;krotoszyński;wielkopolskie;2929;2887;99
Sułkowice;myślenicki;małopolskie;1646;6633;403
Supraśl;białostocki;podlaskie;569;4622;812
Suraż;białostocki;podlaskie;3386;988;29
Susz;iławski;warmińsko-mazurskie;667;5571;835
Suwałki;Suwałki[a];podlaskie;6551;69827;1066
Swarzędz;poznański;wielkopolskie;823;30433;3698
Syców;oleśnicki;dolnośląskie;1705;10420;611
Szadek;zduńskowolski;łódzkie;1793;1917;107
Szamocin;chodzieski;wielkopolskie;467;4222;904
Szamotuły;szamotulski;wielkopolskie;1108;18776;1695
Szczawnica;nowotarski;małopolskie;3290;5776;176
Szczawno-Zdrój;wałbrzyski;dolnośląskie;1474;5608;380
Szczebrzeszyn;zamojski;lubelskie;2912;5040;173
Szczecin;Szczecin[a];zachodniopomorskie;30060;402465;1339
Szczecinek;szczecinecki;zachodniopomorskie;4848;40114;827
Szczekociny;zawierciański;śląskie;1803;3622;201
Szczucin;dąbrowski;małopolskie;685;4173;609
Szczuczyn;grajewski;podlaskie;1323;3394;257
Szczyrk;bielski;śląskie;3907;5747;147
Szczytna;kłodzki;dolnośląskie;8038;5163;64
Szczytno;szczycieński;warmińsko-mazurskie;1062;23343;2198
Szepietowo;wysokomazowiecki;podlaskie;196;2171;1108
Szklarska Poręba;jeleniogórski;dolnośląskie;7544;6611;88
Szlichtyngowa;wschowski;lubuskie;155;1288;831
Szprotawa;żagański;lubuskie;1095;11912;1088
Sztum;sztumski;pomorskie;459;9990;2176
Szubin;nakielski;kujawsko-pomorskie;765;9576;1252
Szydłowiec;szydłowiecki;mazowieckie;2189;11779;538
Szydłów;staszowski;świętokrzyskie;1621;1106;68
Ścinawa;lubiński;dolnośląskie;1354;5589;413
Ślesin;koniński;wielkopolskie;718;3151;439
Śmigiel;kościański;wielkopolskie;530;5703;1076
Śrem;śremski;wielkopolskie;1237;29714;2402
Środa Śląska;średzki;dolnośląskie;1494;9484;635
Środa Wielkopolska;średzki;wielkopolskie;2192;23312;1064
Świątniki Górne;krakowski;małopolskie;444;2415;544
Świdnica;świdnicki;dolnośląskie;2176;57310;2634
Świdnik;świdnicki;lubelskie;2035;39312;1932
Świdwin;świdwiński;zachodniopomorskie;2238;15594;697
Świebodzice;świdnicki;dolnośląskie;3043;22830;750
Świebodzin;świebodziński;lubuskie;1693;21763;1285
Świecie;świecki;kujawsko-pomorskie;1187;25831;2176
Świeradów-Zdrój;lubański;dolnośląskie;2072;4183;202
Świerzawa;złotoryjski;dolnośląskie;176;2291;1302
Świętochłowice;Świętochłowice[a];śląskie;1331;50012;3757
Świnoujście;Świnoujście[a];zachodniopomorskie;20207;40910;202
Tarczyn;piaseczyński;mazowieckie;523;4129;789
Tarnobrzeg;Tarnobrzeg[a];podkarpackie;8540;47047;551
Tarnogród;biłgorajski;lubelskie;1069;3351;313
Tarnowskie Góry;tarnogórski;śląskie;8388;61361;732
Tarnów;Tarnów[a];małopolskie;7238;109062;1507
Tczew;tczewski;pomorskie;2238;60279;2693
Terespol;bialski;lubelskie;1011;5557;550
Tłuszcz;wołomiński;mazowieckie;791;8157;1031
Tolkmicko;elbląski;warmińsko-mazurskie;229;2692;1176
Tomaszów Lubelski;tomaszowski;lubelskie;1329;19198;1445
Tomaszów Mazowiecki;tomaszowski;łódzkie;4130;62649;1517
Toruń;Toruń[a];kujawsko-pomorskie;11572;202074;1746
Torzym;sulęciński;lubuskie;911;2524;277
Toszek;gliwicki;śląskie;971;3595;370
Trzcianka;czarnkowsko-trzcianecki;wielkopolskie;1830;17197;940
Trzciel;międzyrzecki;lubuskie;304;2389;786
Trzcińsko-Zdrój;gryfiński;zachodniopomorskie;233;2273;976
Trzebiatów;gryficki;zachodniopomorskie;1025;10009;976
Trzebinia;chrzanowski;małopolskie;3194;19846;621
Trzebnica;trzebnicki;dolnośląskie;1061;13322;1256
Trzemeszno;gnieźnieński;wielkopolskie;546;7670;1405
Tuchola;tucholski;kujawsko-pomorskie;1769;13680;773
Tuchów;tarnowski;małopolskie;1810;6671;369
Tuczno;wałecki;zachodniopomorskie;921;1916;208
Tuliszków;turecki;wielkopolskie;700;3270;467
Tułowice;opolski;opolskie;923;3998;433
Turek;turecki;wielkopolskie;1617;27109;1676
Tuszyn;łódzki wschodni;łódzkie;2325;7292;314
Twardogóra;oleśnicki;dolnośląskie;829;6716;810
Tychowo;białogardzki;zachodniopomorskie;396;2517;636
Tychy;Tychy[a];śląskie;8181;127831;1563
Tyczyn;rzeszowski;podkarpackie;967;3816;395
Tykocin;białostocki;podlaskie;2897;1975;68
Tyszowce;tomaszowski;lubelskie;1852;2132;115
Ujazd;strzelecki;opolskie;1476;1774;120
Ujście;pilski;wielkopolskie;578;3697;640
Ulanów;niżański;podkarpackie;820;1424;174
Uniejów;poddębicki;łódzkie;1223;2984;244
Urzędów;kraśnicki;lubelskie;1291;1709;132
Ustka;słupski;pomorskie;1019;15527;1524
Ustroń;cieszyński;śląskie;5903;16054;272
Ustrzyki Dolne;bieszczadzki;podkarpackie;1679;9132;544
Wadowice;wadowicki;małopolskie;1054;18774;1781
Wałbrzych;Wałbrzych[a];dolnośląskie;8470;112594;1329
Wałcz;wałecki;zachodniopomorskie;3817;25359;664
Warka;grójecki;mazowieckie;2677;11926;445
Warszawa;m.st. Warszawa[a];mazowieckie;51724;1777972;3437
Warta;sieradzki;łódzkie;1085;3263;301
Wasilków;białostocki;podlaskie;2826;11384;403
Wąbrzeźno;wąbrzeski;kujawsko-pomorskie;853;13605;1595
Wąchock;starachowicki;świętokrzyskie;1602;2764;173
Wągrowiec;wągrowiecki;wielkopolskie;1783;25648;1438
Wąsosz;górowski;dolnośląskie;324;2672;825
Wejherowo;wejherowski;pomorskie;2699;49789;1845
Węgliniec;zgorzelecki;dolnośląskie;873;2860;328
Węgorzewo;węgorzewski;warmińsko-mazurskie;1088;11341;1042
Węgorzyno;łobeski;zachodniopomorskie;685;2831;413
Węgrów;węgrowski;mazowieckie;3551;12672;357
Wiązów;strzeliński;dolnośląskie;916;2257;246
Wielbark;szczycieński;warmińsko-mazurskie;1842;3049;166
Wieleń;czarnkowsko-trzcianecki;wielkopolskie;446;5919;1327
Wielichowo;grodziski;wielkopolskie;124;1767;1425
Wieliczka;wielicki;małopolskie;1341;23395;1745
Wieluń;wieluński;łódzkie;1687;22521;1335
Wieruszów;wieruszowski;łódzkie;597;8568;1435
Więcbork;sępoleński;kujawsko-pomorskie;431;5966;1384
Wilamowice;bielski;śląskie;1036;3086;298
Wisła;cieszyński;śląskie;11017;11171;101
Wiślica;buski;świętokrzyskie;471;515;109
Witkowo;gnieźnieński;wielkopolskie;831;7893;950
Witnica;gorzowski;lubuskie;824;6763;821
Wleń;lwówecki;dolnośląskie;722;1778;246
Władysławowo;pucki;pomorskie;1367;9958;728
Włocławek;Włocławek[a];kujawsko-pomorskie;8432;110802;1314
Włodawa;włodawski;lubelskie;1797;13220;736
Włoszczowa;włoszczowski;świętokrzyskie;3030;10043;331
Wodzisław Śląski;wodzisławski;śląskie;4951;48143;972
Wojcieszów;złotoryjski;dolnośląskie;3217;3676;114
Wojkowice;będziński;śląskie;1279;8936;699
Wojnicz;tarnowski;małopolskie;850;3330;392
Wolbórz;piotrkowski;łódzkie;1518;2337;154
Wolbrom;olkuski;małopolskie;1012;8604;850
Wolin;kamieński;zachodniopomorskie;1447;4828;334
Wolsztyn;wolsztyński;wielkopolskie;478;13183;2758
Wołczyn;kluczborski;opolskie;747;5921;793
Wołomin;wołomiński;mazowieckie;1724;37138;2154
Wołów;wołowski;dolnośląskie;1854;12425;670
Woźniki;lubliniecki;śląskie;7101;4338;61
Wrocław;Wrocław[a];dolnośląskie;29282;640648;2188
Wronki;szamotulski;wielkopolskie;581;11199;1928
Września;wrzesiński;wielkopolskie;1273;30558;2400
Wschowa;wschowski;lubuskie;925;13953;1508
Wyrzysk;pilski;wielkopolskie;412;5139;1247
Wysoka;pilski;wielkopolskie;482;2647;549
Wysokie Mazowieckie;wysokomazowiecki;podlaskie;1524;9414;618
Wyszków;wyszkowski;mazowieckie;2078;26890;1294
Wyszogród;płocki;mazowieckie;1297;2618;202
Wyśmierzyce;białobrzeski;mazowieckie;1684;886;53
Zabłudów;białostocki;podlaskie;1430;2464;172
Zabrze;Zabrze[a];śląskie;8040;173374;2156
Zagórów;słupecki;wielkopolskie;344;3005;874
Zagórz;sanocki;podkarpackie;2229;5120;230
Zakliczyn;tarnowski;małopolskie;402;1642;408
Zaklików;stalowowolski;podkarpackie;1142;3013;264
Zakopane;tatrzański;małopolskie;8426;27191;323
Zakroczym;nowodworski;mazowieckie;1997;3210;161
Zalewo;iławski;warmińsko-mazurskie;822;2165;263
Zambrów;zambrowski;podlaskie;1902;22166;1165
Zamość;Zamość[a];lubelskie;3034;63813;2103
Zator;oświęcimski;małopolskie;1152;3698;321
Zawadzkie;strzelecki;opolskie;1646;7168;435
Zawichost;sandomierski;świętokrzyskie;2029;1776;88
Zawidów;zgorzelecki;dolnośląskie;607;4217;695
Zawiercie;zawierciański;śląskie;8525;49567;581
Ząbki;wołomiński;mazowieckie;1098;36706;3343
Ząbkowice Śląskie;ząbkowicki;dolnośląskie;1367;15072;1103
Zbąszynek;świebodziński;lubuskie;358;5021;1403
Zbąszyń;nowotomyski;wielkopolskie;542;7278;1343
Zduny;krotoszyński;wielkopolskie;620;4534;731
Zduńska Wola;zduńskowolski;łódzkie;2457;42094;1713
Zdzieszowice;krapkowicki;opolskie;1235;11471;929
Zelów;bełchatowski;łódzkie;1075;7636;710
Zgierz;zgierski;łódzkie;4233;56529;1335
Zgorzelec;zgorzelecki;dolnośląskie;1588;30521;1922
Zielona Góra;Zielona Góra[a];lubuskie;27832;140297;504
Zielonka;wołomiński;mazowieckie;7948;17589;221
Ziębice;ząbkowicki;dolnośląskie;1507;8759;581
Złocieniec;drawski;zachodniopomorskie;3228;12950;401
Złoczew;sieradzki;łódzkie;1379;3384;245
Złotoryja;złotoryjski;dolnośląskie;1151;15655;1360
Złotów;złotowski;wielkopolskie;1158;18446;1593
Złoty Stok;ząbkowicki;dolnośląskie;773;2787;361
Zwierzyniec;zamojski;lubelskie;619;3194;516
Zwoleń;zwoleński;mazowieckie;1591;7737;486
Żabno;tarnowski;małopolskie;1113;4248;382
Żagań;żagański;lubuskie;4038;25812;639
Żarki;myszkowski;śląskie;2544;4568;180
Żarów;świdnicki;dolnośląskie;757;6755;892
Żary;żarski;lubuskie;3349;37682;1125
Żelechów;garwoliński;mazowieckie;1213;3995;329
Żerków;jarociński;wielkopolskie;216;2132;987
Żmigród;trzebnicki;dolnośląskie;949;6449;680
Żnin;żniński;kujawsko-pomorskie;835;13934;1669
Żory;Żory[a];śląskie;6464;62456;966
Żukowo;kartuski;pomorskie;473;6683;1413
Żuromin;żuromiński;mazowieckie;1118;8901;796
Żychlin;kutnowski;łódzkie;868;8220;947
Żyrardów;żyrardowski;mazowieckie;1435;39992;2787
Żywiec;żywiecki;śląskie;5054;31388;621
